{
  "Routes": [
    {
      "DownstreamPathTemplate": "/__InspectionsServiceUrl__/api/{everything}",
      "DownstreamScheme": "http",
      "DownstreamHostAndPorts": [
        {
          "Host": "__InspectionsServiceHost__",
          "Port": "__InspectionsServicePort__"
        }
      ],
      "UpstreamPathTemplate": "/inspections/api/{everything}",
      "UpstreamHttpMethod": []
    },
    {
      "DownstreamPathTemplate": "/__InspectionsServiceUrl__/health",
      "DownstreamScheme": "http",
      "DownstreamHostAndPorts": [
        {
          "Host": "__InspectionsServiceHost__",
          "Port": "__InspectionsServicePort__"
        }
      ],
      "UpstreamPathTemplate": "/inspections/health",
      "UpstreamHttpMethod": []
    },
    {
      "DownstreamPathTemplate": "/__InspectionsServiceUrl__/swagger/{everything}",
      "DownstreamScheme": "http",
      "DownstreamHostAndPorts": [
        {
          "Host": "__InspectionsServiceHost__",
          "Port": "__InspectionsServicePort__"
        }
      ],
      "UpstreamPathTemplate": "/inspections/swagger/{everything}",
      "UpstreamHttpMethod": []
    }
  ]
}